"","Date","yhat_lower","yhat_upper","yhat","Sessions","Predicted","Predicted_Lower","Predicted_Upper","MAPE","MAPE_Upper","MAPE_Lower"
"1756",2017-01-01,2.22386147400098,2.9871742190918,2.60850013353136,16,13.5786693800168,9.2429534682517,19.8295692288656,31.9303445015446,135.150761889344,46.034700999849
"1757",2017-01-02,3.14251461151091,3.92800361885678,3.52979216291131,22,34.1168761256337,23.1620372155439,50.8054493172885,32.1097361603364,5.88312938706955,48.9158888117422
"1758",2017-01-03,3.18001690102077,3.94473483111953,3.56977383410516,53,35.5085614178429,24.0471599701801,51.6626369720213,32.2778535373261,9.09839134990535,45.4934666715647
"1759",2017-01-04,3.2188962609605,3.98978167549582,3.58819694404659,50,36.1688027234632,25.000510907528,54.043089144593,30.8782458223042,14.6274040133681,49.4190713410995
"1760",2017-01-05,3.21176544964981,3.97926411091247,3.59323872139474,46,36.3516182440625,24.8228710923027,53.4776661130657,31.7145362672894,12.7561913355274,47.1122021419237
"1761",2017-01-06,3.15397511065811,3.94219548151591,3.52322178082046,32,33.8934500149734,23.4290126369876,51.5316139024005,30.8745122534378,8.90714211802551,52.0400368792051
"1762",2017-01-07,2.32766271751596,3.08166629058407,2.70318871146382,16,14.9272546241421,10.253947132096,21.7946884403854,31.3072136150736,109.731892456901,46.0060070599749
"1763",2017-01-08,2.46375264808034,3.22657611782579,2.87439131106342,19,17.7146381348912,11.7488180974558,25.1932504114411,33.6773463392682,90.1102697262354,42.2171326312327
"1764",2017-01-09,3.37486890135051,4.17182031487909,3.79301009727709,54,44.3898170439358,29.2204527682248,64.8333618916903,34.1730723077699,23.0159649589311,46.0545823550479
"1765",2017-01-10,3.42798013589686,4.21085640237817,3.8266767455005,50,45.9097147730452,30.8143390710258,67.4142488185343,32.8805695627678,28.3799306414493,46.8409227802803
"1766",2017-01-11,3.45002763927892,4.21996211012758,3.83532638164741,67,46.3085394591084,31.5012629689094,68.0309065582147,31.9752612869043,30.9516956043513,46.9079080291177
"1767",2017-01-12,3.42325374302548,4.22481088100976,3.82738720906916,44,45.9423435422429,30.6690420344232,68.3615738541528,33.2444980604358,27.6386542409002,48.7986214532046
"1768",2017-01-13,3.33087439465701,4.13288049577459,3.74149403691714,25,42.160933124285,27.9627815234145,62.3572843799727,33.6760848224496,20.1249063364492,47.9029987219483
"1769",2017-01-14,2.49721646453196,3.31295071916484,2.90305508369508,15,18.2297538055945,12.1486307083213,27.4660506214434,33.3582294205586,82.9878218669155,50.6660534988375
"1770",2017-01-15,2.67373487382786,3.44986985158002,3.05373227288085,9,21.194299899939,14.4940014949224,31.496292849235,31.6136812098045,49.1612431599852,48.6073755582065
"1771",2017-01-16,3.59205952976348,4.33109650104266,3.95015088440706,51,51.9432036630745,36.3087779834491,76.027605229746,30.0990785648049,42.0538656798294,46.3668004054835
"1772",2017-01-17,3.55681557801121,4.38408018804309,3.96041146427326,49,52.4789147057944,35.0514007847887,80.1644530683202,33.2086020046475,36.7201052254597,52.7555467138289
"1773",2017-01-18,3.56598553072832,4.31718869096313,3.94493118747837,37,51.672782255318,35.3742986892607,74.9775466686965,31.5417185889578,38.9587376326893,45.1006572439401
"1774",2017-01-19,3.52756686219963,4.30729282143837,3.91262242712858,47,50.0299800694761,34.041040227045,74.2392377788946,31.9587171936255,36.1208676292799,48.3895010067949
"1775",2017-01-20,3.41361199920866,4.20550934265132,3.80259537023518,31,44.81735129974,30.3747599639673,67.0547428102642,32.2254459867121,28.0960497393361,49.6178173533722
"1776",2017-01-21,2.55465282209634,3.35115696869758,2.94071431979595,18,18.9293631028137,12.8668318023048,28.5357294982932,32.0271277357863,69.1928437414022,50.7484923993642
"1777",2017-01-22,2.67975501970193,3.45150224648691,3.06906815159868,23,21.5218382373924,14.5815206730067,31.5477492244042,32.2477916980504,49.8375340542361,46.5848264280357
"1778",2017-01-23,3.55058014766303,4.34989974358524,3.94467102061109,47,51.659340458066,34.8335202120998,77.4706956017152,32.5707221516396,36.950952406993,49.9645464204122
"1779",2017-01-24,3.57609068523171,4.35114294779418,3.93596642381081,54,51.2116181763703,35.7335736502102,77.5670673890507,30.2236974290764,40.9827330099441,51.4638087043326
"1780",2017-01-25,3.52980250539964,4.3022375615055,3.90366198824672,33,49.5836919455478,34.1172289808513,73.8648861543217,31.1926408821707,37.0909271612406,48.9701215380234
"1781",2017-01-26,3.47829549356347,4.25742763144128,3.85690287515897,31,47.3185726633554,32.404441397178,70.6280681561047,31.5185569359476,33.3907276532111,49.2607747460664
"1782",2017-01-27,3.35743148849708,4.12832803252337,3.73497074049901,25,41.8867999583078,28.7153403948199,62.0740503298558,31.4453708008208,24.9277318102121,48.194778287292
"1783",2017-01-28,2.46378783553314,3.22568284300823,2.86383795071873,20,17.5286721840919,11.7492315157116,25.1707559636336,32.9713546336122,88.0995564714553,43.5976193706064
"1784",2017-01-29,2.59182895995544,3.37248857634426,2.98563754035145,12,19.7991209520028,13.3541735299444,29.1509813089341,32.5516846817708,64.409747082625,47.2337149694788
"1785",2017-01-30,3.45763909252589,4.21128570636146,3.85736498312843,34,47.3404440059585,31.7419481793393,67.4431962372589,32.9496187755566,30.3985852532152,42.4642240972017
"1786",2017-01-31,3.46477231381647,4.20589146845869,3.84738482074287,34,46.8703285039941,31.9691800038248,67.0803710542934,31.792285174403,32.1696984229717,43.1190546244562
"1787",2017-02-01,3.42204544844242,4.23062370681391,3.81626941772072,43,45.4343950176207,30.6320071760807,68.7601049484171,32.5796961438559,28.29288002796,51.3393210622701
"1788",2017-02-02,3.38133984697075,4.14125336159015,3.77297759890869,26,43.5094257664716,29.4101498268282,62.8815854429302,32.4051069194029,25.5216396250987,44.5240527430423
"1789",2017-02-03,3.29364127136809,4.02170545297481,3.65655994561209,36,38.7278874168877,26.9407839758023,55.7961824947768,30.4356995108012,21.4114129614789,44.0723628793816
"1790",2017-02-04,2.38005506471803,3.17762945879758,2.79272025995374,15,16.3253687008806,10.8054978492419,23.9898172435802,33.8116152399115,107.110882819373,46.9480884819837
"1791",2017-02-05,2.53950125841698,3.30884969895563,2.92329347514213,14,18.6024533980585,12.6733486683904,27.3536424444238,31.8727030397344,71.3360187375115,47.0431983303804
"1792",2017-02-06,3.37877528228968,4.19143735375868,3.80495586102949,44,44.9232672024858,29.3348222278531,66.1177573009185,34.7001586157343,22.7568234088411,47.1793157939767
"1793",2017-02-07,3.38370242372519,4.21293914388634,3.80574033929404,32,44.9585223558214,29.4797157081623,67.5548015895284,34.4290822664345,23.4203428797155,50.2602800307142
"1794",2017-02-08,3.35056005247456,4.16315193091914,3.78588394585485,35,44.0746129161379,28.5187011411771,64.2737902123716,35.2944943715319,19.9210338189746,45.8295058306405
"1795",2017-02-09,3.35195868611097,4.14357899430913,3.75401497133257,32,42.6921461042639,28.558616262669,63.0279950970098,33.105690697951,22.4548454015421,47.6337004541331
"1796",2017-02-10,3.24748853921263,4.0359273027015,3.64886634089406,28,38.4310736076703,25.7256497572005,56.5953769588812,33.060288609616,13.9751104871095,47.2646263714725
"1797",2017-02-11,2.39229238202254,3.17080486815424,2.79584454502156,14,16.3764535668274,10.9385405375732,23.8266539558849,33.2056816029409,102.764789503652,45.4933686262136
"1798",2017-02-12,2.55918969218678,3.30976871471697,2.93651422238469,6,18.8500246650652,12.9253395673759,27.3787924278059,31.4306490466805,66.740625570273,45.2453931190182
"1799",2017-02-13,3.42188446748735,4.22785856247935,3.82731409359977,36,45.9389845690277,30.6270764032008,68.5702359623293,33.3309678249838,27.4451358956338,49.2637170926058
"1800",2017-02-14,3.4531498714556,4.24052110415384,3.83607693890096,29,46.3433097162029,31.5997709280926,69.4440299841295,31.8137372544102,31.3520388396274,49.8469367194331
"1801",2017-02-15,3.40913677246383,4.18790952647226,3.82288056806476,27,45.7357637331492,30.2391297401741,65.8849162256314,33.8829675686451,25.9158155391493,44.0555723744876
"1802",2017-02-16,3.4170262462937,4.16987516431185,3.79623725767702,46,44.5333015028145,30.4786441418433,64.7073738136455,31.5598819011497,29.1319510655299,45.3010929574937
"1803",2017-02-17,3.30268882999942,4.10093928198232,3.69480819580801,33,40.2378540586868,27.1856382950242,60.3969907682745,32.4376537193709,19.3852294606452,50.0999299818166
"1804",2017-02-18,2.48733379293577,3.23804530306427,2.84397225838789,20,17.1838889927742,12.0291610925305,25.4838598080604,29.9974464593626,74.5672732870681,48.300887062156
"1805",2017-02-19,2.59696059507827,3.37662122118035,2.98530926416717,20,19.7926224388365,13.422878409282,29.2717012357866,32.1824156916972,62.5980376837272,47.8919800862291
"1806",2017-02-20,3.47673007454929,4.27431085656549,3.87531348351037,43,48.1978051402486,32.3537545518975,71.8306206482718,32.8729711700505,31.795709214569,49.0329703588269
"1807",2017-02-21,3.46319633694396,4.29208498826613,3.88191019849012,41,48.5168033366888,31.9188369956339,73.1187614396017,34.2107583343262,29.4867839974616,50.7081184475084
"1808",2017-02-22,3.46238481016907,4.24956009321866,3.86530239128036,34,47.7176996675422,31.8929445124312,70.0745792827223,33.1632816865962,30.5010888671274,46.8523834362187
"1809",2017-02-23,3.4393718891554,4.2126216842395,3.83415518472044,25,46.2543347883693,31.1673754523758,67.5333590698204,32.6173955479458,29.4825107804868,46.0043893806073
"1810",2017-02-24,3.33290059101747,4.11043995887556,3.72730473923158,32,41.5669233505087,28.0194970485572,60.9735375183578,32.5918427681411,21.5918808969483,46.6876367158687
"1811",2017-02-25,2.46981350450831,3.25765284603455,2.87032110484795,18,17.6426824412437,11.8202422241907,25.9884665671749,33.0020122305309,87.0577920360987,47.3045079948903
"1812",2017-02-26,2.62240825442496,3.39571459030773,3.00498535485472,12,20.1859204680848,13.7688425656408,29.8359663514201,31.7898701354231,57.4853630563189,47.8058253454066
"1813",2017-02-27,3.50243602050229,4.28580254406231,3.88799695584488,46,48.8130139126632,33.1962202152295,72.6608368496028,31.993094557479,34.4578586876004,48.8554609219755
"1814",2017-02-28,3.52879258844682,4.30061551433205,3.8874843459565,27,48.7879982912253,34.0827908056959,73.7451709426263,30.141034681831,38.2203907979311,51.1543279607962
"1815",2017-03-01,3.46774450870363,4.23660260788737,3.86384596265706,27,47.6482528283661,32.0643399841294,69.1724462593195,32.7061579789119,31.3591663125135,45.1731011176543
"1816",2017-03-02,3.44586049445961,4.1984881936163,3.8259294937624,41,45.8754214733452,31.3702657758286,66.5855903893193,31.6185775120223,31.0773034959613,45.1443676174339
"1817",2017-03-03,3.30332831924923,4.09376793460003,3.71273618736999,28,40.9657432665354,27.2030287783838,59.965412315741,33.5956665026366,17.9908288638797,46.3794076079325
"1818",2017-03-04,2.47316814843582,3.24184225768225,2.84997982927894,18,17.2874331370592,11.8599615127761,25.5808047986371,31.3954742803786,81.6086519697127,47.9734128012298
"1819",2017-03-05,2.61182176573371,3.3601948510376,2.97956079992755,29,19.679171652845,13.6238477168652,28.7948010295113,30.770217582326,56.3593129077539,46.3212046597927
"1820",2017-03-06,3.47664459393154,4.28458643991568,3.85827122515669,60,47.3833653515795,32.3509890511718,72.5725274122326,31.7250076875483,33.046107104989,53.1603483073693
"1821",2017-03-07,3.45937856504196,4.26536780942325,3.85430422494955,46,47.1957678770444,31.7972104754922,71.1910999158853,32.6269877453185,30.8688274119851,50.8421265681155
"1822",2017-03-08,3.41977205395715,4.2322834804979,3.82809450660361,36,45.9748499430503,30.5624476379877,68.8743259253829,33.5235510809804,27.0828482909536,49.8087019548699
"1823",2017-03-09,3.40310565330716,4.1678630639913,3.7884980544917,32,44.1899794670794,30.0573028066215,64.5773069836899,31.9816321050487,27.6269586663322,46.1356347354691
"1824",2017-03-10,3.27673132262366,4.03118599891223,3.67449770517952,32,39.428846976803,26.489046889455,56.3276762104292,32.818104204165,16.7662594255604,42.8590499832984
"1825",2017-03-11,2.42893647783852,3.22120575374498,2.81176414643896,12,16.6392464088685,11.3468080788018,25.058316131758,31.8069592817975,91.1562489082726,50.5976623941465
"1826",2017-03-12,2.56100260631712,3.33767776574151,2.94213266162341,14,18.9562304593135,12.9487933515417,28.153671313421,31.6910955512269,67.1803664723682,48.5193555430148
"1827",2017-03-13,3.44871201638372,4.22155136311702,3.82231152602338,34,45.7097455642083,31.4598464363626,68.1391108390507,31.1747504869151,31.7984598205124,49.0691098757835
"1828",2017-03-14,3.42641164121402,4.23360831863484,3.82039493809925,29,45.6222227172524,30.7660448285701,68.9656337297004,32.5634679852289,28.6236705584387,51.1667551954245
"1829",2017-03-15,3.39965654188676,4.19454455649193,3.79670760144797,48,44.5542523904498,29.953810401262,66.3235180818042,32.7700302571285,26.4491524401548,48.8601301186249
"1830",2017-03-16,3.36673253612666,4.12941865487768,3.75998857372971,28,42.9479352412428,28.9836690780511,62.1417866074034,32.5144063032437,24.2934354804089,44.6909758486567
"1831",2017-03-17,3.26851546851309,4.05993026575101,3.64910103452979,26,38.4400941945563,26.2723083101152,57.9702684248727,31.6538919568108,17.6539688050675,50.8067803670528
"1832",2017-03-18,2.38311892148751,3.15848781940166,2.78959737708195,21,16.2744660095291,10.8386551155946,23.5349798669587,33.4008556148736,105.234725337941,44.6129160439333
"1833",2017-03-19,2.50976157650408,3.30771601658978,2.92319981904648,19,18.6007112464867,12.3019966257821,27.3226496736413,33.8627622204193,82.0508999451049,46.8903490386799
"1834",2017-03-20,3.41076605190862,4.18831682224938,3.80651232356429,24,44.9932430280757,30.288437890158,65.9117563393479,32.6822521522663,27.3618660209208,46.492566224264
"1835",2017-03-21,3.44489860240809,4.19190211825413,3.80753661243177,35,45.0393527168101,31.3401054743274,66.1484936290547,30.4161725605121,32.4675628627322,46.8682155469034
"1836",2017-03-22,3.40390322152566,4.18320137671843,3.78651930311884,31,44.1026249394906,30.0812851185678,65.5754492536009,31.792528993819,27.9123883500386,48.6883135495253
"1837",2017-03-23,3.37560410996083,4.17623276582747,3.75213772099219,23,42.6120774364393,29.2419437959235,65.1200679939886,31.376394780233,26.3673665593178,52.8206835048644
"1838",2017-03-24,3.26661739873196,4.04129547016422,3.64321099454641,31,38.214345988414,26.2224889309171,56.9000073419176,31.3805110288493,17.882904398355,48.8969806238966
"1839",2017-03-25,2.37761923752538,3.15702819547638,2.78526581603893,20,16.2041246205575,10.7792095536213,23.5006527057314,33.4786061818721,106.60545981854,45.028832201877
"1840",2017-03-26,2.55826638613471,3.31845070923713,2.92001706198805,17,18.5416038136707,12.9134110308205,27.6175298123571,30.3544010507897,63.709684209785,48.9489803033909
"1841",2017-03-27,3.41433444769778,4.20274209274733,3.80407908526026,40,44.8838968323432,30.3967120920968,66.8694420846157,32.2770208530713,28.087748321771,48.9831471950754
"1842",2017-03-28,3.4260969307684,4.19460103878779,3.80548050135293,40,44.9468419435097,30.7563639563077,66.3272642921716,31.5716908543584,29.75771046598,47.5682415586245
"1843",2017-03-29,3.4007181526236,4.15297108627653,3.78450955958268,47,44.0140789812279,29.9856265732003,63.622748440537,31.8726478725383,27.5853349421851,44.5509026047602
"1844",2017-03-30,3.34384005183513,4.15209845743386,3.74989772577005,37,42.5167334115227,28.3276979408694,63.567253611913,33.3728260196203,21.5066084767092,49.5111418759308
"1845",2017-03-31,3.24742111214719,4.0278259386296,3.64052817265156,25,38.1119611059108,25.7239152106092,56.1387294368239,32.5043517463611,14.7135156439901,47.2995033785269
"1846",2017-04-01,2.38721706026262,3.16848154313272,2.78199865911754,17,16.1512695924996,10.8831645690587,23.7713611510205,32.6172812191021,101.948713890882,47.1795205626405
"1847",2017-04-02,2.52605098901576,3.29680443959869,2.91609909820062,20,18.4691006065841,12.5040299583267,27.026137129807,32.2975697372663,74.8735383776753,46.331636312449
"1848",2017-04-03,3.40354060339752,4.1876373459252,3.79951973434766,36,44.6797212042224,30.0703790767495,65.8669860733204,32.6979258905767,26.8170771676916,47.4203157451565
"1849",2017-04-04,3.41354286328157,4.19343498554799,3.80036286095899,39,44.7174077511893,30.3726600493677,66.2499682451674,32.078665609681,28.2635840875015,48.1525239874966
"1850",2017-04-05,3.39299334770624,4.1672232532075,3.77898527364731,32,43.7716029937486,29.7548858186627,64.5360029410883,32.0223985790235,26.8420702262221,47.4380614991533
"1851",2017-04-06,3.35225883631217,4.14227662524603,3.74417918322595,22,42.2742935247594,28.5671894236398,62.9459628158339,32.4242061977725,23.3004185421049,48.8989112945613
"1852",2017-04-07,3.23819535395468,4.04006238172417,3.63487837207077,34,37.8972432535965,25.487683970818,56.8298878412833,32.7452822880482,13.5945533849863,49.957841157457
"1853",2017-04-08,2.4179126653927,3.19357173598326,2.77671914941764,13,16.0662235063809,11.2224099254202,24.3753344053404,30.1490488977507,87.654857943291,51.717884390563
"1854",2017-04-09,2.51062634096824,3.30993004445015,2.91151646503221,16,18.3846571280762,12.3126395564531,27.3832097973999,33.0276356492402,79.6478194787863,48.9459912503972
"1855",2017-04-10,3.38298675888721,4.17446441212631,3.79597114445212,50,44.5214521790369,29.4586256597996,65.0050144384037,33.8327385608721,24.0080075896481,46.0082977010611
"1856",2017-04-11,3.40848931157829,4.17711909970761,3.79818120174862,48,44.6199559486695,30.2195574232931,65.1778117028508,32.2734485483188,27.6703711105274,46.0732318468241
"1857",2017-04-12,3.40026766711326,4.1591168147556,3.77848443163159,44,43.7496858248514,29.972121525053,64.014960557647,31.4918016896302,28.0182220834563,46.3209605982682
"1858",2017-04-13,3.35311215714921,4.14992402438252,3.74563999312561,27,42.3360933591566,28.5915768052811,63.429181043857,32.4652452867449,23.3154438428525,49.8229430518256
"1859",2017-04-14,3.23471556154132,4.04443657345369,3.6385357388416,18,38.0361011441116,25.3991462572759,57.0790171390977,33.2235810367543,12.652506336345,50.0653732169766
"1860",2017-04-15,2.39270786504734,3.1766941839703,2.78275079940759,15,16.1634221827491,10.9430862597526,23.9673906605453,32.297219388157,99.8167159342482,48.2816595988273
"1861",2017-04-16,2.55506195202309,3.32172755648627,2.92003372169545,21,18.5419127139381,12.8720970852766,27.7081766758018,30.5783751446497,64.9148910169536,49.435374350421
"1862",2017-04-17,3.39426874702064,4.17652620650429,3.80701205072522,40,45.0157329926302,29.7928593902217,65.1391796747501,33.8167849114012,24.8778534452886,44.7031412004653
"1863",2017-04-18,3.43520218777462,4.21853949200875,3.81170622784002,43,45.2275415607784,31.0376873721014,67.9341933671844,31.3743654839347,30.6299559931361,50.2053638619556
"1864",2017-04-19,3.43004707535787,4.16268650249728,3.79437491648093,50,44.4504424806613,30.8780963128975,64.2438823241565,30.5336581827472,31.3085394008592,44.5292301693207
"1865",2017-04-20,3.39136869315548,4.15626601827335,3.76369937324901,36,43.1076024820327,29.7065836557988,63.8327268123565,31.0873675515113,27.884257621452,48.0776548381738
"1866",2017-04-21,3.23872278101634,4.02367607336906,3.65849352274586,34,38.8028432174939,25.5011304107796,55.9062439990271,34.280252949911,11.6553063965785,44.0776998882967
"1867",2017-04-22,2.39692061952889,3.18103240893529,2.80426915248573,23,16.5150015465138,10.9892840370581,24.0715924550429,33.4587768211389,102.596268168087,45.7559200781555
"1868",2017-04-23,2.53689822572347,3.30799580747969,2.94271643848423,22,18.9672998987509,12.6404024261462,27.3302953716565,33.3568694878988,75.8651450968809,44.0916499319777
"1869",2017-04-24,3.45939602527985,4.23720881073932,3.83041561150596,53,46.0816863339081,31.7977656671983,69.2143915058974,30.9969573665522,32.7347590061091,50.1993460143138
"1870",2017-04-25,3.45020168435164,4.22075313613351,3.83535256729694,52,46.3097520941699,31.5067460856543,68.0847420643449,31.965202444647,30.9752244416112,47.02031210596
"1871",2017-04-26,3.44584755936582,4.22088424270496,3.81776547578943,50,45.5024183816477,31.3698600011231,68.0936690066228,31.0589170491751,31.7422718312002,49.6484613971347
"1872",2017-04-27,3.42108557953653,4.17948981209969,3.78632996513519,58,44.0942754278756,30.6026185717274,65.3325128522543,30.5972980057612,30.6093643475131,48.1655208488862
"1873",2017-04-28,3.30309908510573,4.0566811473465,3.67986951319089,39,39.6412210786284,27.1967936300632,57.7822218170965,31.3926440961082,20.8080799684731,45.762971585778
"1874",2017-04-29,2.45946407065856,3.18203430078044,2.82392045342694,15,16.8427526322243,11.6985402686698,24.095721672638,30.5425869267495,81.3396396282286,43.0628484475695
"1875",2017-04-30,2.59138391769724,3.36254830168293,2.96021181338592,11,19.3020597571731,13.3482316806853,28.8626479784838,30.8455582015035,59.8044902437966,49.5314403829763
"1876",2017-05-01,3.47022922857742,4.23094344916162,3.84537581960314,64,46.7762604836288,32.1441099488956,68.7820939810277,31.2811464265176,33.1260213982567,47.0448754771678
"1877",2017-05-02,3.46648521696303,4.27291698573807,3.84746191184885,33,46.8739419287356,32.0239870390174,71.7305677882158,31.6806188655846,32.4131541704985,53.0286654731764
"1878",2017-05-03,3.4279359736088,4.21666291363669,3.82678137535765,42,45.914518551249,30.8129782693557,67.8068290711069,32.890555663863,28.3656745150205,47.6805838558933
"1879",2017-05-04,3.41877449889998,4.16275150651476,3.79209023294447,29,44.3490032089789,30.5319751153236,64.2480585703408,31.1552167893098,29.7499052177072,44.8692279905246
"1880",2017-05-05,3.29268455159004,4.06371171120195,3.68229710578387,30,39.7375707148099,26.9150215206267,58.1898948236122,32.2680751830768,18.7970613134368,46.4354608922414
"1881",2017-05-06,2.43514421501597,3.23852489030205,2.82302553355459,20,16.8276864607023,11.4174651645637,25.496084473156,32.1507136989573,91.0584308427595,51.5127140780582
"1882",2017-05-07,2.5714622823316,3.34115938646177,2.95609106060712,23,19.2226843962318,13.0849443411014,28.2518625519555,31.929671884607,66.1041258673848,46.9714737526131
"1883",2017-05-08,3.43802342748373,4.24047595193504,3.83820901250758,53,46.4422224708596,31.1253757650203,69.4408945028807,32.9804343783287,28.9860979434771,49.5210410019712
"1884",2017-05-09,3.48365080935919,4.25537939653069,3.83750589514942,34,46.4095796153129,32.5784429147265,70.4835533319169,29.8023313618269,35.784095419831,51.8728545187271
"1885",2017-05-10,3.42245558745153,4.22525675259033,3.81436161052154,37,45.3477975835858,30.6445731338694,68.3920611333378,32.4232382457277,28.5009637216346,50.8167204973438
"1886",2017-05-11,3.42972657349787,4.17936924854888,3.77759020960947,28,43.7105813789604,30.868201411348,65.3246366073254,29.3804830831966,32.7840487215788,49.4481074067084
"1887",2017-05-12,3.2688995951173,4.05335109856519,3.66614596058132,32,39.1009186101597,26.2824021412215,57.5901242244481,32.7831593849245,16.1575723788589,47.2858599528767
"1888",2017-05-13,2.43368604116953,3.19459642468061,2.80568428077159,11,16.538388936519,11.4008286478826,24.400324336263,31.0644543936922,87.8324092687022,47.5374924965256
"1889",2017-05-14,2.53875119126302,3.31207655163939,2.93803788357434,22,18.8787676077639,12.66384636995,27.4420511832308,32.920163894904,74.3766573055622,45.3593357012626
"1890",2017-05-15,3.43410905948353,4.18298658161805,3.81992409429898,32,45.6007468328218,31.0037777351132,65.5613654810127,32.0103728810033,29.802963538388,43.7725696058643
"1891",2017-05-16,3.41621120702123,4.19035285471555,3.81945628118465,49,45.5794191944934,30.4538129704606,66.0460915241489,33.1851666636863,27.192651310275,44.9033197248992
"1892",2017-05-17,3.42606306110535,4.18396635439381,3.79698659353907,39,44.5666844086283,30.7553222662651,65.6256322003027,30.9903290442878,30.4630141202787,47.2526688289993
"1893",2017-05-18,3.39272876890564,4.17686120329095,3.76128770941125,32,43.0037666948274,29.7470143480185,65.1610047460876,30.8269562545167,28.3156834300643,51.5239472125715
"1894",2017-05-19,3.23557926551637,4.03449062122408,3.65126033746378,33,38.5231876824535,25.4210930772746,56.514125809083,34.0109305418322,11.7130938846905,46.7015821092707
"1895",2017-05-20,2.41251672062815,3.20444967973394,2.79249597388419,7,16.3217075586877,11.1620175049531,24.6419353279312,31.6124402742909,93.6834130903436,50.976454144437
"1896",2017-05-21,2.52249104533977,3.31697160960719,2.92675520506652,17,18.6669616583211,12.459595455044,27.5767109292709,33.2532220127538,78.1394456227993,47.7300453819603
"1897",2017-05-22,3.40532881958571,4.16696902621254,3.81067743913735,18,45.1810359033202,30.1241995223539,64.5195982323416,33.3255669772278,26.2399227664039,42.8023880869014
"1898",2017-05-23,3.44200767661516,4.19499729252148,3.81229493310647,57,45.2541750915644,31.249634390662,66.353551926235,30.9464058787206,31.6164623129124,46.6241552121533
"1899",2017-05-24,3.39348542364931,4.19654242930011,3.79187822256657,52,44.3396017566869,29.7695310851589,66.4561564883365,32.8601748646303,25.8897834830586,49.8799128891907
"1900",2017-05-25,3.38545043396726,4.17164672579311,3.75812056823884,26,42.8677831479732,29.5312916176299,64.822108504419,31.1107562625939,27.4262535218949,51.2140440774901
"1901",2017-05-26,3.23866606661857,4.0368735481064,3.6498480759061,26,38.4688212642475,25.4996841705377,56.6489554194554,33.713372719749,12.3618254685597,47.2594001004766
"1902",2017-05-27,2.39118749077549,3.16437659718208,2.79258490514746,8,16.3231591333037,10.9264613142207,23.6739810051827,33.0616014645857,102.544134959335,45.0330834359222
"1903",2017-05-28,2.54750592872206,3.2940846798332,2.92803377779661,11,18.6908439908473,12.7752017524706,26.9527323962935,31.649947114606,69.3339644272061,44.2028642981129
"1904",2017-05-29,3.42984434759683,4.20006521933405,3.81278759743938,35,45.2764757024541,30.8718371000465,66.6906804208564,31.8148406626685,29.7320735126387,47.2965361949352
"1905",2017-05-30,3.42188628473565,4.19757025246379,3.81484498553419,47,45.3697228744582,30.6271320602537,66.5244967801956,32.4943373689949,28.3788057094609,46.6275140455991
"1906",2017-05-31,3.36099873007359,4.17901199315832,3.79445679223401,33,44.4540820431085,28.8179578728079,65.3013031970021,35.1736521184664,20.8764403584863,46.8960783706598
"1907",2017-06-01,3.36012817733691,4.15160395994772,3.76031116144496,30,42.9617919524295,28.7928812375665,63.5358275354993,32.9802600658554,23.2335092019122,47.8891467233279
"1908",2017-06-02,3.25493170724075,4.03464271608267,3.65124378703607,32,38.5225501124965,25.9178444724456,56.5227219707556,32.72033030846,15.0618787881188,46.7263247258907
"1909",2017-06-03,2.44775259222253,3.18010076300319,2.79280277177199,17,16.3267157923104,11.5623322222196,24.0491766972491,29.1815183818828,78.7347728293694,47.2995365582087
"1910",2017-06-04,2.5246886652915,3.32107081393144,2.92672831194054,18,18.6664596521199,12.4870070196751,27.6899855111716,33.1045776628725,77.3479185653341,48.3408532052677
"1911",2017-06-05,3.43160482719977,4.20247536370503,3.80966304658857,57,45.1352278347638,30.9262342080166,66.8516084408501,31.4809391873795,30.2519546314721,48.1140378543965
"1912",2017-06-06,3.42803796380058,4.19565986573682,3.80966591911785,52,45.1353574872135,30.8161210511827,66.3975305804142,31.7250980898674,29.7112067875946,47.1075765805647
"1913",2017-06-07,3.40458009695657,4.1570419587119,3.78705666474357,41,44.126330366306,30.1016532939758,63.882276427682,31.7830124461,27.9726816568257,44.7713324388769
"1914",2017-06-08,3.31983116470061,4.12530091007501,3.75059857025412,37,42.5465414738028,27.655680909161,61.8864286987394,34.9989918071498,17.7395139656659,45.4558386063994
"1915",2017-06-09,3.25339813146109,4.02786089148979,3.63920621907268,22,38.061612149353,25.8781279558297,56.140691680278,32.0099005415629,15.8997774031309,47.4995106880473
"1916",2017-06-10,2.36639385850434,3.13331753287952,2.7785077161379,11,16.0949847320831,10.6588854461824,22.9499907367614,33.7751130329723,109.848680164613,42.5909444388218
"1917",2017-06-11,2.51402645367309,3.26278061887677,2.91032170253374,16,18.3627049456258,12.3545751711468,26.122071776078,32.7191979192055,78.1828876306132,42.2561210531273
"1918",2017-06-12,3.38263088506671,4.18632539861359,3.79136508706163,44,44.3168553692394,29.4481439713292,65.7806287185537,33.5509170811579,24.2931006687676,48.4325279185139
"1919",2017-06-13,3.39594500814477,4.15992667201616,3.78976442902035,32,44.2459759802934,29.8428418823448,64.066824536615,32.5524158498924,26.4285279538396,44.7969518519596
"1920",2017-06-14,3.38155398420231,4.14816097940897,3.76589816787714,42,43.2024915293356,29.4164483092375,63.3174510664697,31.9102966798502,26.1378324484313,46.5597210370969
"1921",2017-06-15,3.34024334202539,4.13793907578846,3.72857742111302,47,41.6198584983807,28.2259944404261,62.6735228769681,32.181426225838,22.6777135076274,50.5856221962086
"1922",2017-06-16,3.22007055852313,4.01575223241327,3.61675212856456,24,37.216496919846,25.0298861908372,55.465002286414,32.7451848981256,12.0143280313308,49.0333773376634
"1923",2017-06-17,2.34240676193359,3.18355465591315,2.75607209120298,5,15.7379043304082,10.4062518185222,24.132383589264,33.8777794041126,115.262329042471,53.3392444293638
"1924",2017-06-18,2.47306444754035,3.26413766047481,2.88836325415822,7,17.9638832152071,11.858731687915,26.157544577695,33.9857003864503,89.1890521626204,45.6118605555825
"1925",2017-06-19,3.39978733142401,4.13321108197839,3.77033518605593,10,43.3946076658308,29.9577283024682,62.3779022456982,30.9643987723916,28.6445933309517,43.7457453839706
"1926",2017-06-20,3.40678100534907,4.15716468009581,3.77009269808841,7,43.384086271324,30.1679772350249,63.8901166301234,30.4630341956392,29.7829300699721,47.2662492660436
"1927",2017-06-21,3.33712252517993,4.12182078452447,3.74797879138075,8,42.4352248194902,28.1380435921241,61.6714304843744,33.6917767920002,20.6042222344353,45.330749976489
"1928",2017-06-22,3.33616475832629,4.11556336992399,3.71275663094151,6,40.9665807611981,28.111106808284,61.2867316401584,31.3803927836963,23.400019721884,49.6017741812778
"1929",2017-06-23,3.22241963712169,3.96442735913417,3.60331728615075,15,36.7198428533678,25.0887524745067,52.6900882512383,31.675218288126,13.7381431216531,43.4921398265348
"1930",2017-06-24,2.35171001249303,3.12248985583994,2.74524273331152,13,15.5683924410333,10.5035155193469,22.7028361188601,32.533075851409,108.96875496061,45.8264634890793
"1931",2017-06-25,2.47814024833125,3.26206758584679,2.88028440521488,4,17.8193403723377,11.9190772691093,26.1034525149531,33.111568553838,85.818149617029,46.4894433212326
"1932",2017-06-26,3.36673638857487,4.1408952105592,3.76507316457862,11,43.1668640297426,28.9837807363503,62.8590683707731,32.8564133906506,23.8851046302274,45.6187976209304
"1933",2017-06-27,3.37869713929112,4.18311510820296,3.76763356166272,15,43.2775299564349,29.3325300064436,65.5697924009505,32.2222639878685,25.5450483881477,51.5100156292563
"1934",2017-06-28,3.36411234554994,4.14162095732208,3.74822947628326,12,42.4458640231755,28.9078257468363,62.9047046943652,31.8948349571761,24.8576140663281,48.1998450073231
"1935",2017-06-29,3.31930693135312,4.11764832797415,3.71554875182703,15,41.0811242421583,27.6411866784924,61.4146452055312,32.7156031184599,20.3634181829754,49.4960187640294
"1936",2017-06-30,3.22232439172982,4.00141268486399,3.60841347121038,20,36.9074516063373,25.0863630002408,54.6753345191392,32.0290025228041,13.2180599613535,48.141722442172
"1937",2017-07-01,2.34753206945495,3.12623171026236,2.75234528392189,18,15.6793613509207,10.4597239728001,22.7879459616083,33.2898595886628,112.316425673218,45.3372076297623
"1938",2017-07-02,2.49567336682538,3.2591141706021,2.88904598920606,25,17.9761519755532,12.1298986405595,26.0264719141527,32.5222736375632,80.9189957995022,44.7833326595572
"1939",2017-07-03,3.36481746842216,4.16775774947258,3.77510918161315,22,43.602268621875,28.9282165041064,64.5705064137905,33.6543317161408,22.8151819163451,48.0897862763863
"1940",2017-07-04,3.40675320900073,4.16954922936605,3.77853576013997,24,43.7519314886001,30.1671386870756,64.6862868559438,31.0495841882184,29.0326549439112,47.8478427239226
"1941",2017-07-05,3.37582987330835,4.1359984541434,3.75958035582866,30,42.9304067032392,29.2485463003166,62.552015220229,31.869859741837,25.7638997875313,45.7056199178969
"1942",2017-07-06,3.38947293690073,4.11825357549995,3.72693625533701,18,41.5516094303468,29.6503205614328,61.4518275187064,28.6421850611207,31.0684099754697,47.8927732551936
"1943",2017-07-07,3.21987643311579,4.0186424215881,3.61944545676489,32,37.3168682663322,25.0250277255759,55.6255385138883,32.939099961521,11.7313389579396,49.062719081586
"1944",2017-07-08,2.37226163266983,3.14260596405575,2.76266327024408,12,15.8419782838328,10.7216132351057,23.1641532232371,32.3215002380894,104.024394295973,46.2200793879183
"1945",2017-07-09,2.50601544583942,3.29618952474561,2.89833768887284,6,18.1439593815715,12.2559979513018,27.0095234651825,32.4513591903762,78.854893289369,48.8623452972208
"1946",2017-07-10,3.42417892270409,4.18191027075512,3.78311937321319,22,43.9529337200646,30.6974295386221,65.4908390321572,30.1584059573055,31.384771379804,49.0022018763688
"1947",2017-07-11,3.38460450084055,4.20094182725249,3.78507510327579,37,44.0389779060553,29.5063206831353,66.7491676308296,32.9995333995293,25.0674403254216,51.5683851092548
"1948",2017-07-12,3.38273738842267,4.1715265267877,3.76453181942234,30,43.1435021809705,29.4512804645095,64.814317419698,31.7364632547153,26.4397611450434,50.2296154536245
"1949",2017-07-13,3.32794825148676,4.0815047020538,3.73025890825459,22,41.6899006262454,27.8810780176139,59.2345331498994,33.1227045428319,20.549811716318,42.0836515801357
"1950",2017-07-14,3.22201424167918,3.99584366811726,3.6211754578303,21,37.3814823633036,25.0785836699281,54.3716929428405,32.9117464465586,11.9570857926512,45.4508743511353
"1951",2017-07-15,2.41499711552615,3.14787743679543,2.76291198944318,11,15.8459189780265,11.1897380809993,23.2865848394398,29.3841013795661,85.4363979792706,46.9563543252441
"1952",2017-07-16,2.49769237291104,3.28211314372194,2.89728698995557,16,18.1249055547648,12.1544137194523,26.6319905043412,32.9408162556908,81.7433815374062,46.9358856732907
"1953",2017-07-17,3.40990354305302,4.13373307121861,3.78101418675575,25,43.8605019264492,30.2623251071278,62.4104713391162,31.003240323434,29.3139864759776,42.2931079169453
"1954",2017-07-18,3.38704948087389,4.16145947870704,3.78221351532715,31,43.9131366364122,29.5785513133049,64.1651018947821,32.6430458425082,25.6645087487534,46.1182388906767
"1955",2017-07-19,3.38885619926631,4.16236568113094,3.76125299085883,30,43.0022736922169,29.6320397306874,64.223274819891,31.0919233183462,27.6970247180822,49.3485560311546
"1956",2017-07-20,3.34595194854874,4.11759670625931,3.72692922098131,40,41.5513171425743,28.3875863298419,61.411474958057,31.6806583232102,23.7553451927772,47.7966985916159
"1957",2017-07-21,3.20278097434011,4.01959170376936,3.61817335298275,19,37.2694275182481,24.6008494871511,55.6783679174611,33.9918771891363,8.7942062633161,49.3942129650354
"1958",2017-07-22,2.35777892350536,3.16489855831529,2.76061201749329,14,15.8095156881771,10.567454243316,23.6863411286071,33.157634605982,109.732133861497,49.8233190427238
"1959",2017-07-23,2.503689140333,3.27707022178467,2.89604363090965,16,18.102383793706,12.2275198929558,26.4980255265623,32.4535374329692,79.2777006763774,46.378652825687
"1960",2017-07-24,3.3895737605279,4.14628139388647,3.78114601901702,40,43.8662845367573,29.6533101650072,63.1985522773488,32.400679751759,26.137624615531,44.0709030745291
"1961",2017-07-25,3.39265811099808,4.17647570426209,3.78398831325095,34,43.9911427822385,29.7449125604835,65.1358900831886,32.3843149342031,26.3844654036169,48.0659195548046
"1962",2017-07-26,3.37455210546779,4.14192600314893,3.76487431308123,33,43.1582810875863,29.2111973152186,62.9238964390531,32.3161243240046,25.1218456582606,45.7979670491372
"1963",2017-07-27,3.34047447069987,4.14826824531412,3.73252501467269,40,41.7844815023152,28.2325190310881,63.3242432344473,32.4330037946652,22.3802650444085,51.5496685795626
"1964",2017-07-28,3.25347092121893,4.00318630611259,3.62578704383652,27,37.5542683868503,25.8800116870544,54.7723939020651,31.0863643502204,17.2228199734937,45.8486511782074
"1965",2017-07-29,2.37211405109408,3.13975706150084,2.77019648317065,17,15.9617699208702,10.7200310392842,23.0982547217123,32.8393336551754,105.73742021076,44.7098588453593
"1966",2017-07-30,2.53678028123697,3.29088080809734,2.9074583686683,27,18.310201593878,12.6389116482891,26.8665174832747,30.9733888865817,69.159190999501,46.7297743584509
"1967",2017-07-31,3.41034897619823,4.17834759847986,3.79415771897826,43,44.4407890039556,30.2758079524116,65.2579317681304,31.87382890588,28.2779860118078,46.8424238874832
"1968",2017-08-01,3.38290809029905,4.21589632382295,3.79827493997748,45,44.6241387403527,29.4563082824633,67.7548689652274,33.990192048622,23.8300323365449,51.8345695352505
"1969",2017-08-02,3.39756054854519,4.17225199273082,3.78003268342352,38,43.8174738172253,29.8910931645226,64.8613550596526,31.7827100457535,27.4656723061491,48.0262311109194
"1970",2017-08-03,3.34624457322526,4.16452481518004,3.7480817423842,26,42.4395937933583,28.3958944536306,64.3620912870511,33.0910314743058,22.0279260083671,51.6557665477081
"1971",2017-08-04,3.25594409098228,4.03849488865658,3.64121260531991,21,38.1380551059209,25.9440965631578,56.7408771660935,31.9732050019247,16.1645634180205,48.7775845110793
"1972",2017-08-05,2.39820526367434,3.17696199221266,2.78492204733245,12,16.1985551069641,11.0034104282092,23.9738101848744,32.0716548139616,97.9908368504631,47.9996828517602
"1973",2017-08-06,2.52251437404206,3.30966939300868,2.92089493109905,21,18.5578880616005,12.4598861246274,27.3760732544097,32.859352943242,77.0640755789109,47.5171806378961
"1974",2017-08-07,3.41882232076706,4.21976643657504,3.80571698981807,30,44.9574726101395,30.5334352462919,68.0175960113494,32.083737199663,28.6353628508313,51.2931934612557
"1975",2017-08-08,3.40464438036635,4.19388923331314,3.8073913591879,43,45.0328110798348,30.1035883930863,66.2800689812626,33.1518782167112,26.3828363769272,47.1817268163881
"1976",2017-08-09,3.40141845150728,4.17702818768837,3.78618587935034,26,44.0879225272856,30.006632828486,65.1718865257186,31.9391091519107,27.555876255807,47.822539121421
"1977",2017-08-10,3.36173935511173,4.14570772898954,3.75081871179625,31,42.5559087660822,28.8393090795996,63.1623078834332,32.2319510596726,24.2597514793009,48.421945893856
"1978",2017-08-11,3.24226685478412,4.04279595950863,3.64016887717539,37,38.0982701104013,25.5916686404329,56.9854492829613,32.8272161274691,13.8354155389672,49.574899641975
"1979",2017-08-12,2.38659575921135,3.19736065985118,2.77984109934454,17,16.1164598285207,10.8764049475682,24.4678658783127,32.5136843742777,101.742099196869,51.8191100195146
"1980",2017-08-13,2.51126084599064,3.31235157767035,2.91164515812236,18,18.3870232586625,12.3204544671286,27.4495994995932,32.9937516594797,79.4404194487315,49.2878924089098
"1981",2017-08-14,3.43663088538682,4.1387397602531,3.79230557573227,53,44.358554475327,31.0820625337336,62.7237246883032,29.9299472190377,32.527225981439,41.4016426599097
"1982",2017-08-15,3.38772263161005,4.20430053287793,3.78997447831196,36,44.255270792355,29.5984688398926,66.9737353529702,33.1187713690237,25.1642329239913,51.3350481284135
"1983",2017-08-16,3.38439870700191,4.15012660914351,3.76507474756731,32,43.1669323624542,29.5002490889076,63.4420321310113,31.6600752603715,26.6566477447705,46.9690539932646
"1984",2017-08-17,3.35685768974869,4.11725781359264,3.72648111931751,44,41.532702099257,28.6988682947289,61.390666585646,30.9005510256884,25.5994686985675,47.8128402022372
"1985",2017-08-18,3.20702965313052,3.97089493499124,3.6132259609737,38,37.0854964151657,24.70559294769,53.0319697745343,33.3820621649089,9.98620649106994,42.9992177557787
"1986",2017-08-19,2.35293545458807,3.14743953812266,2.75105925046867,17,15.6592101280489,10.5163948592411,23.2763899071817,32.8421116183629,109.730320685434,48.6434482764155
"1987",2017-08-20,2.49206120018224,3.27138098936955,2.88192310330276,19,17.8485648298246,12.0861624640393,26.347700124345,32.2849619603948,80.8826775049576,47.6180319009097
"1988",2017-08-21,3.37867782986543,4.1418118186468,3.76265681983979,35,43.0626839231685,29.3319636176036,62.9167119154544,31.8854262081365,25.9557851409685,46.1049479119996
"1989",2017-08-22,3.39201721181355,4.13835931102703,3.76150543980899,32,43.0131309414579,29.7258551778625,62.6998660345804,30.8912080398885,28.1819124445223,45.7691283155294
"1990",2017-08-23,3.35622773547745,4.13906585327774,3.73895905893665,52,42.054191438251,28.680795013335,62.7441817926822,31.8003888971506,24.3823556949282,49.1984024584342
"1991",2017-08-24,3.30475140709175,4.12461578836204,3.70393069388847,36,40.6066032045157,27.2417686364907,61.8440434838735,32.9129587636592,18.9467816406789,52.300460032067
"1992",2017-08-25,3.20110115782076,4.00011233089941,3.59545954284839,38,36.4324384080938,24.5595592635017,54.6042834369227,32.5887578854849,10.5501599414081,49.8782014678213
"1993",2017-08-26,2.34413416518228,3.14609567247375,2.73926926135387,13,15.4756722916732,10.4242431463856,23.2451305752305,32.6410966197935,110.918763363555,50.2043345007869
"1994",2017-08-27,2.47658904204416,3.28441973750036,2.87724167581343,14,17.7652033454016,11.900602654187,26.6934905885344,33.0117284738684,85.822407050653,50.257163228271
"1995",2017-08-28,3.3945750787044,4.18921268476823,3.76612195847861,37,43.2121609228191,29.8019872850133,65.9708306686913,31.0333326346664,28.1837983291443,52.6672799041949
"1996",2017-08-29,3.36196564683724,4.14813326232069,3.77402827628567,37,43.5551641597497,28.8458359150702,63.31569611541,33.7717203653033,22.4621901516961,45.3689759569805
"1997",2017-08-30,3.39356544437148,4.18121882133395,3.76129316643236,35,43.0040013679306,29.7719133598492,65.4455710814695,30.7694344413936,28.4498338232792,52.1848409442995
"1998",2017-08-31,3.37060158653951,4.14968622718961,3.73664439474898,40,41.9569626767639,29.096025571171,63.4140995558949,30.6526885768005,26.942546311208,51.1408250507471
"1999",2017-09-01,3.24486117719262,4.03910376291297,3.63891208626071,28,38.050418626615,25.6581478768573,56.7754357453319,32.5680273622265,14.4082285090914,49.2110673011605
"2000",2017-09-02,2.41758088869152,3.15977830331918,2.79359166290679,14,16.339600875455,11.2186872088652,23.5653709853833,31.3405064519189,91.8070501893224,44.2224394892211
"2001",2017-09-03,2.55407094189756,3.31154587022694,2.94232290136395,12,18.9598370307233,12.8593470254909,27.4274920602179,32.1758567615684,69.7053445629803,44.6610116731138
"2002",2017-09-04,3.47155472517001,4.23477161923492,3.84160100305534,19,46.6000215256511,32.1867451072409,69.045908175406,30.929763434715,33.6271477520892,48.1671164838402
"2003",2017-09-05,3.49189134523364,4.24991913538764,3.85929253826029,38,47.4317833242517,32.8480159298735,70.0997435289008,30.7468249605566,35.1767468864366,47.7906555814846
"2004",2017-09-06,3.46081550752186,4.24180348793107,3.85548335175457,43,47.2514504940136,31.8429340811951,69.5331410066593,32.6096156873969,30.9870589231365,47.1555693628257
"2005",2017-09-07,3.46020425032592,4.23889045957014,3.83866601017954,44,46.4634513088049,31.8234758062092,69.3308837285014,31.5085838227893,32.1863035671257,49.2159574365564
"2006",2017-09-08,3.32376413129277,4.13265796921045,3.74745339907247,41,42.4129355345924,27.7646639511104,62.3434097715218,34.5372735908239,18.5690092998751,46.9914991398648
"2007",2017-09-09,2.51489093571937,3.29235390582602,2.90714782252651,13,18.3045163142342,12.3652600973697,26.9061236538745,32.4469443218552,77.2619596433878,46.9917215619152
"2008",2017-09-10,2.68448906298409,3.46785362312459,3.05922574107344,6,21.3110505015516,14.6507138755754,32.0678388569054,31.2529719053093,46.6514844166589,50.4751671184422
"2009",2017-09-11,3.57550751857977,4.32425431266866,3.96005387236975,42,52.4601520256818,35.7127410967185,75.5091856179663,31.9240609915972,39.146076099877,43.9362691533965
"2010",2017-09-12,3.5861799126428,4.37730076655839,3.97740936376155,48,53.3785704912739,36.0959226379521,79.6228224983096,32.3775022340606,39.3436318431316,49.1662698447985
"2011",2017-09-13,3.56619575529122,4.39230415786175,3.97133099075208,36,53.0550997130678,35.3817360174679,80.8264414661304,33.311338195915,37.2136922254993,52.3443399470651
"2012",2017-09-14,3.56680097206114,4.34934196405431,3.95030885157951,35,51.9514096322051,35.4031561187028,77.4274960824856,31.8533291601849,38.6863044031075,49.0382968058826
"2013",2017-09-15,3.47630348678528,4.20196922258871,3.85299908286255,21,47.1342108731164,32.3399557794887,66.8177806546649,31.3875098778111,33.4082202790981,41.760685958095
"2014",2017-09-16,2.58981775608868,3.41214852368779,3.00479289611681,10,20.1820358851309,13.3273425548281,30.3303397581779,33.9643303050162,68.2899113762823,50.2838461432117
"2015",2017-09-17,2.77969966559285,3.51942572240709,3.14730004933972,10,23.2731433383177,16.1141805783285,33.765032393491,30.760618176585,32.1721682774996,45.081529824547
"2016",2017-09-18,3.64247286787675,4.41931639740202,4.03706248983232,41,56.6596597820823,38.186149368095,83.0394999333334,32.604344051902,42.4558068698241,46.5584160807003
"2017",2017-09-19,3.66181862346348,4.43393995945368,4.0420709219786,44,56.9441476679852,38.9320813251099,84.2627555916485,31.6311106242125,44.4523942852937,47.9743907713666
"2018",2017-09-20,3.61356120024817,4.40135083449136,4.02261133113615,33,55.8467499384978,37.0979310142438,81.5609696550769,33.5719069505415,39.8856567526077,46.0442545804318
"2019",2017-09-21,3.57978257758337,4.36802878420996,3.98744904166731,33,53.9171733215055,35.8657419829733,78.8879731133909,33.4799289845787,37.9048883276216,46.313258380564
"2020",2017-09-22,3.47566332765587,4.26663367145695,3.87553697012123,38,48.2085779081101,32.3192596866551,71.2812750890289,32.9595248624456,31.6314102331136,47.860148923906
"2021",2017-09-23,2.58228892239731,3.4081197264339,3.01257753419848,10,20.3397588418074,13.2273799821613,30.208390787438,34.967862278814,71.9187653638217,48.5189230727066
"2022",2017-09-24,2.76806576972964,3.53077601458424,3.14049851325779,15,23.1153873139687,15.9277961701745,34.1504585886571,31.0944006525504,34.5181901138209,47.7390714886265
"2023",2017-09-25,3.64132680006908,4.39328362803227,4.01615879392529,29,55.4875568061973,38.1424105202358,80.9056473380979,31.2595242687353,43.6639022007833,45.8086316913879
"2024",2017-09-26,3.61750731368747,4.38926605974128,4.00785696264704,32,55.0288153035454,37.244612879688,80.5812554444137,32.3179816351808,41.2708024751922,46.4346542805222
"2025",2017-09-27,3.60655684953689,4.38678389365167,3.97616998934587,26,53.3124554357785,36.8389920032283,80.3814874159705,30.8998400052959,42.0401109783462,50.7743111040909
"2026",2017-09-28,3.55817987500385,4.34259502797873,3.93012979238672,39,50.9135854361437,35.0992539410031,76.9068560534313,31.061123194663,38.992465510762,51.053702846932
"2027",2017-09-29,3.37437054036702,4.20775131555425,3.80892455124971,37,45.1019079841805,29.2058940626917,67.205246376074,35.244659554235,21.8555020630233,49.0075461988133
"2028",2017-09-30,2.53937919920689,3.32926649346511,2.93845442033534,15,18.8866329464625,12.6718018638654,27.9178562610446,32.9059769426034,74.2289217770115,47.8180697437324
"2029",2017-10-01,2.65543912722097,3.43966946996511,3.06080211437454,12,21.3446711649766,14.2312340096493,31.1766516453394,33.3265249220584,56.1351058747731,46.0629278585257
"2030",2017-10-02,3.53404928060655,4.3581326532484,3.93293445058638,30,51.0565810742206,34.262425272803,78.1111375731255,32.8932244346797,35.5749567585361,52.989361860278
"2031",2017-10-03,3.55357950377211,4.33549210637828,3.92320793340139,46,50.562385657216,34.9381551840774,76.3625281321331,30.9008965262476,38.885604141114,51.0263551443702
"2032",2017-10-04,3.50800502289672,4.29871612552298,3.89220571846749,35,49.018889237401,33.3816057722742,73.6052331304428,31.9005259164373,34.921973115422,50.1568768194008
"2033",2017-10-05,3.42497975488985,4.23906447866272,3.84891380455307,28,46.9420472919163,30.7220228744697,69.3429496757977,34.5532957192512,26.3915876860329,47.7203353415286
"2034",2017-10-06,3.35084711512193,4.12948809834286,3.73242334175302,29,41.7802333680476,28.52688897018,62.146102098237,31.7215662275437,24.0751818016326,48.7452249267825
"2035",2017-10-07,2.46432848871488,3.26675767720064,2.86848869432836,8,17.6103834059282,11.7555854926077,26.2261676395249,33.2462830499735,88.7879569889536,48.9244557315908
"2036",2017-10-08,2.62042890181437,3.38958759771749,2.99900167626345,17,20.0654950607141,13.7416161254155,29.6537204863209,31.5161869476122,57.0665804768369,47.7846442193172
"2037",2017-10-09,3.51204193766776,4.28972863585406,3.88069795627425,11,48.4580248535822,33.5166368407751,72.9466707025535,30.8336711162972,36.3703510213997,50.5357903525056
"2038",2017-10-10,3.48319485877837,4.28804213727764,3.88166859555537,26,48.5050829505146,32.5635921406241,72.8237499282496,32.865608798472,32.242959295623,50.1363269547342
"2039",2017-10-11,3.44609626589278,4.2566904971912,3.86220390166561,25,47.5700756944634,31.377662860326,70.576024971813,34.0390730890135,28.4443579454399,48.3622297032149
"2040",2017-10-12,3.44571621436572,4.2314698540589,3.83097726672995,26,46.1075756235145,31.365739997435,68.8183107436487,31.9726973858962,30.6563033221154,49.2559732603939
"2041",2017-10-13,3.34796028605281,4.11028967247203,3.72675567584685,43,41.5441067393371,28.4446554719854,60.9643747132337,31.5314307984582,24.1013147874429,46.746144033729
"2042",2017-10-14,2.48998719601489,3.24978536614996,2.87496630464308,22,17.7248268670317,12.0611216890336,25.7848050312509,31.9535148099676,80.2754692594568,45.4728174479993
"2043",2017-10-15,2.6313522840201,3.39407334296127,3.01717939387174,17,20.4335752572115,13.8925438704748,29.7870383133062,32.0111938532549,56.6597790661099,45.774970548992
"2044",2017-10-16,3.51400654886374,4.28540872053273,3.90982316299319,48,49.890128772255,33.582548725177,72.6322269363708,32.6869872826366,34.4820546929223,45.5843645301698
"2045",2017-10-17,3.5105805747915,4.30781440253226,3.9207034931967,37,50.4359136226603,33.4676926432859,74.2779696617762,33.6431319680719,33.2952859349882,47.2719820592364
"2046",2017-10-18,3.51518818386247,4.29155319838269,3.90985533879366,34,49.8917340529095,33.6222544943405,73.0798879591564,32.609569235087,34.6393348435133,46.4769452223412
"2047",2017-10-19,3.52199244824211,4.28195827768913,3.88573332536421,34,48.7026442517096,33.8518092930695,72.3820454553864,30.4928719719746,37.3896993880281,48.6203604906845
"2048",2017-10-20,3.37932837774092,4.13949895120547,3.78692803141622,26,44.1206546146605,29.3510516723925,62.7713620532258,33.4754846029876,24.1274072305712,42.2720551212493
"2049",2017-10-21,2.5624363196744,3.32238463130553,2.9387372093305,9,18.8919746336649,12.9673715242352,27.7263890037586,31.3604227420053,65.998649427159,46.7627897104572
"2050",2017-10-22,2.69437735856317,3.4646533058884,3.08265200115813,18,21.8161822868551,14.7963030931418,31.9653756443295,32.1773952078818,47.493245081976,46.5213996840758
"2051",2017-10-23,3.58351008183039,4.38056654097561,3.9750738134193,34,53.2540476240107,35.9996811628858,79.8832777375942,32.4001033366435,39.1593601196329,50.0041429744342
"2052",2017-10-24,3.60090632967988,4.38844671939638,3.98383452134999,36,53.7226403864994,36.6314195458353,80.5152590112477,31.8138139110512,40.7813657665157,49.8721180343944
"2053",2017-10-25,3.56167103707861,4.35212431039515,3.9690469409142,30,52.9340575070072,35.2220052729352,77.643226171631,33.460598087965,36.7881480018122,46.679151057621
"2054",2017-10-26,3.55928906314996,4.32289229113008,3.93929304690105,30,51.3822636070296,35.1382072166739,75.4064104876526,31.6141315115852,38.4726765769423,46.7557191803756
"2055",2017-10-27,3.45061787854488,4.22224260931792,3.8333364938607,21,46.2164822841188,31.5198617395632,68.1862280234622,31.7995222012078,31.194412405258,47.5366030765452
"2056",2017-10-28,2.59481350948538,3.37331894462652,2.97668879446199,15,19.6227340476492,13.3940892578803,29.1751974119604,31.7419824100156,61.7612628950562,48.6805933419638
"2057",2017-10-29,2.71970711494756,3.48052322766271,3.11108934586334,18,22.4454819807877,15.1758768065101,32.4767103443562,32.3878327963733,44.295554998978,44.6915257696616
"2058",2017-10-30,3.6060590476222,4.36093340852147,3.99321513609536,25,54.2289628743125,36.8206580461919,78.3302144006516,32.1014895093386,40.8037922765721,44.4435044465058
"2059",2017-10-31,3.60495892021048,4.37830828183017,3.9911929970085,24,54.1194151665242,36.7801729044482,79.7030841335816,32.0388574206198,40.7996976278532,47.2726264471576
"2060",2017-11-01,3.59046033907472,4.37859643722762,3.96544156127361,31,52.7435537593037,36.2507597272698,79.7260543168,31.2697815306475,40.713548288104,51.1579115063643
"2061",2017-11-02,3.54903358963081,4.2885035877044,3.92485063806406,31,50.6455129820199,34.779689788292,72.8573622333427,31.3272040493706,38.1441667685499,43.8574869588318
"2062",2017-11-03,3.44990955151504,4.18661638660295,3.80848481103022,26,45.0820792213363,31.4975432748354,65.7997728766685,30.1328957783998,33.1599245224285,45.9554972023716
"2063",2017-11-04,2.55048779203481,3.29706283275187,2.94214086390299,12,18.9563859442531,12.8133525097929,27.0331214009031,32.4061424605176,70.9510586871221,42.6069372105105
"2064",2017-11-05,2.68935057800979,3.46618633385004,3.06781947191679,17,21.4949811267221,14.722111952009,32.0144170403074,31.5090724424651,46.588044235562,48.9390330308681
"2065",2017-11-06,3.54247653631258,4.33403273544838,3.94242722858857,40,51.5435575869756,34.5523835519322,76.2511681559638,32.9646901193659,36.0449847418068,47.9354001269626
"2066",2017-11-07,3.52759258337329,4.33909471019722,3.93428209523313,51,51.1254335863259,34.0419158138129,76.6381282084712,33.4149102983493,34.6413165534766,49.9021579524931
"2067",2017-11-08,3.53599915280475,4.3013890448436,3.90394962852116,40,49.5979562637042,34.3292977985372,73.8022371508111,30.7848540854909,37.9312044193658,48.8009642139623
"2068",2017-11-09,3.47960790098877,4.26055086760267,3.86041786986347,49,47.4851898534134,32.4469971458122,70.8490011259059,31.6692272980776,33.3071481953839,49.2023120147916
"2069",2017-11-10,3.34982179248331,4.12762843749849,3.74279783584018,36,42.2159383535744,28.4976546949526,62.0306388200797,32.4955080797351,23.025498550872,46.9365392296856
"2070",2017-11-11,2.46451625406416,3.26145215290691,2.87687931302391,22,17.758767062966,11.7577929914631,26.0873925328587,33.7916143064756,90.2813083062749,46.8986694873719
"2071",2017-11-12,2.59401640928611,3.40231259901764,3.00460245287223,16,20.1781927186989,13.3834170806261,30.0334751832479,33.6738563894087,66.8824203378903,48.8412545263094
"2072",2017-11-13,3.47662475245393,4.26657467481168,3.88276125124032,37,48.5581112707212,32.3503471661148,71.2770698569766,33.378077689729,31.2615816055129,46.78715459008
"2073",2017-11-14,3.49215179185595,4.26974841854736,3.87951197179374,46,48.4005884542212,32.8565721988492,71.5036443654625,32.1153456017876,33.6467868935865,47.7330062486593
"2074",2017-11-15,3.42472241406014,4.23219539920696,3.85521379781116,30,47.2387153956762,30.7141178607981,68.8682596530092,34.9810476353271,25.9483511727142,45.7877486213624
"2075",2017-11-16,3.4185800875189,4.22069861294828,3.81860948436288,36,45.5408390242696,30.526039928827,68.0810299685406,32.9699658968535,27.603516748378,49.4944569033058
"2076",2017-11-17,3.30335500750937,4.07692960475817,3.70853280005989,41,40.7939097755006,27.2037547895805,58.9641483874055,33.314176210886,18.3354172369785,44.5415472846324
"2077",2017-11-18,2.47005264567499,3.22315431032863,2.85047227738734,21,17.2959483972965,11.8230692687245,25.1071912811644,31.6425500519384,82.9477593543494,45.1622698243534
"2078",2017-11-19,2.6161122677155,3.38761719436432,2.98605155346968,13,19.8073197448933,13.6824264386934,29.5953482233777,30.9223730675575,56.1158877920873,49.4162188753883
"2079",2017-11-20,3.45574668021663,4.27381316746281,3.87174214825904,36,48.025981622034,31.6819361275675,71.7948802256839,34.0316739865823,29.13903508644,49.4917496756483
"2080",2017-11-21,3.50164158937406,4.25136659976254,3.87538148445416,47,48.2010827479257,33.1698585771905,70.2012838806405,31.1844118717065,35.3035033781507,45.6425455165974
"2081",2017-11-22,3.46832074118044,4.25807533703862,3.8570231681991,59,47.3242651006891,32.0828218225821,70.6738291694104,32.2064024569187,31.945266580696,49.3395175161025
"2082",2017-11-23,3.45248371337879,4.23275294678222,3.82512703389383,24,45.8386230552608,31.5787274953681,68.9066676903502,31.1089090584193,32.1338491758012,50.3244711501906
"2083",2017-11-24,3.35032512513555,4.10511342880502,3.71827547776312,32,41.1932940678008,28.51200210553,60.6496235717854,30.7848455658789,25.26733716607,47.2317884361494
"2084",2017-11-25,2.46734087424755,3.27924311497927,2.86174534609861,12,17.4920299559141,11.7910512397061,26.5556655059799,32.5918645839074,86.3240839745304,51.8158016702991
"2085",2017-11-26,2.58926337805351,3.39108335752178,2.99699542536806,18,20.0252789985267,13.3199562164496,29.6981085181132,33.484291442683,67.2101120046644,48.3030949046862
"2086",2017-11-27,3.47758730126919,4.26546384240813,3.88038517157293,39,48.4428702949323,32.3815009455643,71.1979369379919,33.1552801301458,31.5579776171639,46.9729941775148
"2087",2017-11-28,3.50138305340112,4.28275478105777,3.87969730442054,38,48.4095594937053,33.1612840839859,72.4397209647405,31.498479988652,34.933347218853,49.6392896823609
"2088",2017-11-29,3.47661213062179,4.25853928173814,3.85499114272395,32,47.2281986262297,32.3499388480403,70.7066255251082,31.5029160776127,33.2963843763532,49.7127300676654
"2089",2017-11-30,3.41148368932389,4.16555322836074,3.81479408180572,24,45.3674134451839,30.3101818076294,64.4283161574959,33.1895307537153,26.8427969916839,42.01452378444
"2090",2017-12-01,3.27953056562842,4.08144425219731,3.69781767827927,32,40.3591315749034,26.5633000464925,59.2309525390961,34.1826768566785,15.3037354303868,46.759730023348
"2091",2017-12-02,2.45219968149283,3.23857983513798,2.82952759393143,10,16.9374575765532,11.6138654472815,25.4974853898205,31.4308809643378,85.5702417099962,50.5390361840206
"2092",2017-12-03,2.57366160423877,3.3673841530344,2.95162747754925,19,19.1370735555226,13.1137540151058,29.0025614815072,31.4746114286559,64.4693026723144,51.5517061548715
"2093",2017-12-04,3.40771638632702,4.18331201733966,3.82077249891821,47,45.639451133207,30.1962089887381,65.5827049634245,33.8374843715692,25.8591338602902,43.6974006808486
"2094",2017-12-05,3.4142543589212,4.21759982227991,3.80508528087647,41,44.9290815410901,30.3942777540963,67.8703876449719,32.3505473257915,27.9964196548173,51.0611508559345
"2095",2017-12-06,3.3718287214319,4.12698041220655,3.76500126663508,29,43.1637605325586,29.1317522356143,61.9904544189092,32.5087715338422,24.6850340824203,43.6168991164466
"2096",2017-12-07,3.35237757830353,4.09475897389708,3.70945112023638,35,40.8313888521875,28.5705817500013,60.0248698533217,30.0278962995141,26.4587927483505,47.0066817237492
"2097",2017-12-08,3.21132807072712,3.97075954416511,3.5775668539755,34,35.7863613869542,24.8120164656519,53.024790218369,30.6662775872569,14.307360685079,48.1703871623534
"2098",2017-12-09,2.33405379559826,3.09746441848526,2.69524118822409,19,14.8090901007287,10.3196907714557,22.1417378634761,30.3151598021009,104.706430954925,49.5145057047537
"2099",2017-12-10,2.4079783403493,3.18515707134864,2.80460049487258,23,16.5204745732179,11.1114748025902,24.1710846925641,32.7411887997238,98.1855221810768,46.3098689171375
"2100",2017-12-11,3.29612890275238,4.06592324936684,3.66270732246301,34,38.9666956053931,27.0078861436632,58.3187264022935,30.6898218489812,21.2408920690375,49.6630019462621
"2101",2017-12-12,3.25501004668783,4.01598612002228,3.63806553666357,33,38.0182206905536,25.919874941583,55.4779763803632,31.8224933445575,16.296731497315,45.924704977442
"2102",2017-12-13,3.20195965497831,3.98153878123003,3.59145539730404,33,36.2868492966892,24.5806526283215,53.5994486278514,32.2601628282888,11.0968203259461,47.7103955474629
"2103",2017-12-14,3.14746728836377,3.90920456880867,3.53210644263688,31,34.1959235540007,23.2770358415763,49.859276572211,31.9303781785034,6.62519136797008,45.8047374959051
"2104",2017-12-15,2.99970954948945,3.78491703739913,3.39939512874479,38,29.9459811049563,20.0797039158746,44.0320173965293,32.9469158298799,10.0211601496901,47.0381526061995
"2105",2017-12-16,2.13411792565279,2.91901836770087,2.51939695830207,16,12.4211039609758,8.44959005214189,18.5230956633971,31.9739205251923,157.416093011111,49.1260013730852
"2106",2017-12-17,2.23792446166796,3.04710685565003,2.6343536470789,19,13.9343030743585,9.37385528687466,21.0543429686826,32.7282086742883,134.87510282817,51.0972084956747
"2107",2017-12-18,3.10212385732289,3.87826929256503,3.50137148657389,39,33.1609005153606,22.2451466632118,48.3404794041607,32.9175435000399,0.733867330315796,45.7755327897946
"2108",2017-12-19,3.10176082567612,3.8671881429092,3.48892405553148,35,32.7506908177805,22.2370724366746,47.8077682942537,32.1019743968209,1.9807717173631,45.9748393102555
"2109",2017-12-20,3.06536895878356,3.85467768810887,3.45768667623506,23,31.7434586149059,21.442371879325,47.213397049341,32.4510534927778,2.22910454231238,48.7342561568599
"2110",2017-12-21,3.04615891111714,3.80276910436039,3.41671051433814,20,30.4690225789229,21.0343940760876,44.8251382794748,30.964657558007,1.62668486591652,47.117086422335
"2111",2017-12-22,2.9148374156626,3.71583699747044,3.30512325097862,17,27.25190020519,18.4458131586283,41.0929674040353,32.3136624611763,18.5739791275997,50.7893654924266
"2112",2017-12-23,2.04963192474286,2.82460222314263,2.44868599523942,11,11.5731295763556,7.76504246024036,16.8542394261268,32.9045578466117,184.318581499658,45.6325129251186
"2113",2017-12-24,2.21877119386602,2.99288250776232,2.58926687399375,13,13.3200027823019,9.1960237897617,19.9430858187274,30.9607967801604,132.438365713388,49.7228352326286
"2114",2017-12-25,3.09028161971677,3.86460956662135,3.48354730380414,10,32.575071039417,21.9832680258175,47.6846511182879,32.5150572988255,0.184232109636504,46.3838745296603
"2115",2017-12-26,3.12210076240417,3.88091032647458,3.49953390554186,16,33.1000206265641,22.6940043126632,48.4683169868604,31.4380961610327,5.02091670661276,46.4298694362826
"2116",2017-12-27,3.08442743370596,3.85960271187383,3.49740323222285,17,33.0295703756438,21.8549498513709,47.4464976937689,33.8321703769817,2.4299438115905,43.6485463000641
"2117",2017-12-28,3.09023648356546,3.8856928007373,3.48568695590696,23,32.6448449780237,21.9822758080983,48.7006706352121,32.6623366632721,0.0535817684544017,49.1833417129015
"2118",2017-12-29,3.04124602574378,3.78850072695548,3.40298416871427,23,30.0536515292183,20.931307941619,44.1900975633569,30.3535281851876,0.997804395508338,47.0373658934422
"2119",2017-12-30,2.18517921746803,2.96052206338705,2.57453017855314,8,13.1251492330887,8.89224205568175,19.3080491502911,32.2503546606215,145.71419408564,47.1072732766744
"2120",2017-12-31,2.33698904479003,3.13340296577996,2.74168194295519,11,15.5130552399211,10.350026134597,22.9519515047909,33.2818327884092,114.540799821058,47.9524900145181
